id,title,description,keywords,topics,platforms,event,collection,duration,video_url,thumbnail_url,transcript_path
111432,Accelerate your machine learning workloads with the M5 and A19 GPUs,"discover how to take advantage of the m5 and a19 gpus to accelerate machine learning. find out how to use the neural accelerators inside each gpu core to perform accelerated tensor and matrix operations for ai training and inference, and learn how to optimize performance using the metal debugger and metal system trace.",,Graphics & Games|Machine Learning & AI,ios|macos,Tech Talks,tech-talks,34:26,https://developer.apple.com/videos/play/tech-talks/111432/,https://devimages-cdn.apple.com/wwdc-services/images/8/10698/10698_wide_250x141_2x.jpg,transcipts/tech-talks-111432.txt
245,Transform your game with Apple Vision Pro,"join nathaniel ellingson from apple's developer ecosystem team to learn how to bring your game into the spatial computing era. find out how apple vision pro's precise hand tracking, spatial accessories, ultra-high resolution displays, and native frameworks like realitykit and metal empower creators to craft immersive and visually stunning gaming experiences. 
 
this session was originally presented as part of the meet with apple activity “press start: game development on apple platforms.” watch the full video for more insights and related sessions.",,Graphics & Games,ios|ipados|visionos,Meet with Apple,meet-with-apple,27:33,https://developer.apple.com/videos/play/meet-with-apple/245/,https://devimages-cdn.apple.com/wwdc-services/images/BC742FC2-04CD-4DDA-9F29-C074010922E7/10669/10669_wide_250x141_2x.jpg,transcipts/meet-with-apple-245.txt
241,Bring your PC and console games to Mac,"learn how to port your existing windows and console games to apple silicon devices using tools like metal and the game porting toolkit. explore the techniques that can help you accelerate and streamline your porting workflows, and get your game running across the entire mac lineup. 
 
this session was originally presented as part of the meet with apple activity “press start: game development on apple platforms.” watch the full video for more insights and related sessions.",,Graphics & Games,ios|ipados|macos|tvos|visionos,Meet with Apple,meet-with-apple,19:53,https://developer.apple.com/videos/play/meet-with-apple/241/,https://devimages-cdn.apple.com/wwdc-services/images/BC742FC2-04CD-4DDA-9F29-C074010922E7/10665/10665_wide_250x141_2x.jpg,transcipts/meet-with-apple-241.txt
242,"Explore power, performance, and scale for games on iPhone and iPad","discover the apple tools and technologies you can use to optimize game performance and power usage on iphone and ipad. learn how to use the metal performance hud, instruments, and metal debugger to identify bottlenecks, improve efficiency, and scale your game across apple devices. 
 
this session was originally presented as part of the meet with apple activity “press start: game development on apple platforms.” watch the full video for more insights and related sessions.",,Graphics & Games,ios|ipados|macos|tvos|visionos,Meet with Apple,meet-with-apple,15:43,https://developer.apple.com/videos/play/meet-with-apple/242/,https://devimages-cdn.apple.com/wwdc-services/images/BC742FC2-04CD-4DDA-9F29-C074010922E7/10666/10666_wide_250x141_2x.jpg,transcipts/meet-with-apple-242.txt
238,Discover game development on Apple platforms,"discover how the unified architecture across apple platforms makes it faster and easier to build, scale, and deliver high-performance games across every device. learn how tools like metal 4, the game porting toolkit, and the apple games app help developers reach players on more than 2 billion active devices worldwide. 
 
this session was originally presented as part of the meet with apple activity “press start: game development on apple platforms.” watch the full video for more insights and related sessions.",,Graphics & Games,ios|ipados|macos|tvos|visionos,Meet with Apple,meet-with-apple,14:15,https://developer.apple.com/videos/play/meet-with-apple/238/,https://devimages-cdn.apple.com/wwdc-services/images/BC742FC2-04CD-4DDA-9F29-C074010922E7/10662/10662_wide_250x141_2x.jpg,transcipts/meet-with-apple-238.txt
240,Level up with Apple game technologies,"explore the frameworks and technologies that can help you deliver great player experiences across the apple ecosystem. learn how to use frameworks like gamesave and metalfx, and tools like game mode and managed background assets, to boost performance, streamline launches, and create seamless gameplay on apple devices. 
 
this session was originally presented as part of the meet with apple activity “press start: game development on apple platforms.” watch the full video for more insights and related sessions.",,Graphics & Games,ios|ipados|macos|tvos|visionos,Meet with Apple,meet-with-apple,19:17,https://developer.apple.com/videos/play/meet-with-apple/240/,https://devimages-cdn.apple.com/wwdc-services/images/BC742FC2-04CD-4DDA-9F29-C074010922E7/10664/10664_wide_250x141_2x.jpg,transcipts/meet-with-apple-240.txt
231,"Capturing live events for Apple Immersive Video: Learnings from ""Metallica""","learn how to approach large-scale live events for apple immersive video. this session covers the importance of access, mapping stage layouts, placing cameras effectively, and analyzing previous performances to anticipate the show. using the apple immersive title ",,Spatial Computing,visionos,Meet with Apple,meet-with-apple,9:52,https://developer.apple.com/videos/play/meet-with-apple/231/,https://devimages-cdn.apple.com/wwdc-services/images/BC742FC2-04CD-4DDA-9F29-C074010922E7/10646/10646_wide_250x141_2x.jpg,transcipts/meet-with-apple-231.txt
236,Unlock GPU computing with WebGPU,learn how the webgpu api provides safe access to gpu devices for graphics and general-purpose computation. we'll also explore the wgsl shading language to write gpu programs. and we'll dive into best practices to achieve optimal performance while using minimal power across desktop and mobile devices.,"metal,shader,webkit",App Services|Safari & Web,ios|ipados|macos|visionos,WWDC25,wwdc2025,21:53,https://developer.apple.com/videos/play/wwdc2025/236/,https://devimages-cdn.apple.com/wwdc-services/images/3055294D-836B-4513-B7B0-0BC5666246B0/9934/9934_wide_250x141_2x.jpg,transcipts/wwdc2025-236.txt
262,Combine Metal 4 machine learning and graphics,learn how to seamlessly combine machine learning into your graphics applications using metal 4. we'll introduce the tensor resource and ml encoder for running models on the gpu timeline alongside your rendering and compute work. discover how shader ml lets you embed neural networks directly within your shaders for advanced effects and performance gains. we'll also show new debugging tools for metal 4 ml workloads in action using an example app.,"machine learning,metal,metal tools",Graphics & Games|Machine Learning & AI,ios|ipados|macos,WWDC25,wwdc2025,29:40,https://developer.apple.com/videos/play/wwdc2025/262/,https://devimages-cdn.apple.com/wwdc-services/images/3055294D-836B-4513-B7B0-0BC5666246B0/9975/9975_wide_250x141_2x.jpg,transcipts/wwdc2025-262.txt
211,Go further with Metal 4 games,"dive deeper into the latest advancements in metal 4. we'll introduce the new ray tracing features that help bring your most complex and visually rich workloads to apple silicon. discover how metalfx can help scale workloads by upscaling renderings, interpolating frames, and denoising scenes. 
 
to get the most out of this session, we recommend first checking out “discover metal 4” and “explore metal 4 games”.",,Graphics & Games,ios|ipados|macos|tvos|visionos,WWDC25,wwdc2025,26:47,https://developer.apple.com/videos/play/wwdc2025/211/,https://devimages-cdn.apple.com/wwdc-services/images/3055294D-836B-4513-B7B0-0BC5666246B0/9888/9888_wide_250x141_2x.jpg,transcipts/wwdc2025-211.txt
205,Discover Metal 4,learn how to get started leveraging the powerful new features of metal 4 in your existing metal apps. we'll cover how metal enables you to get the most out of apple silicon and program the hardware more efficiently. you'll also learn how metal 4 provides you with new capabilities to integrate machine learning into your metal code.,,Graphics & Games,ios|ipados|macos|tvos|visionos,WWDC25,wwdc2025,24:06,https://developer.apple.com/videos/play/wwdc2025/205/,https://devimages-cdn.apple.com/wwdc-services/images/3055294D-836B-4513-B7B0-0BC5666246B0/9886/9886_wide_250x141_2x.jpg,transcipts/wwdc2025-205.txt
294,What’s new in Metal rendering for immersive apps,"discover the latest improvements in metal rendering for immersive apps with compositor services. learn how to add hover effects to highlight your app's interactive elements, and how to render in higher fidelity with dynamic render quality. find out about the new progressive immersion style. and explore how you can bring immersive experiences to macos apps by directly rendering metal content from mac to vision pro.  
 
to get the most out of this session, first watch “discover metal for immersive apps” from wwdc23.",,Graphics & Games|Spatial Computing,macos|visionos,WWDC25,wwdc2025,24:40,https://developer.apple.com/videos/play/wwdc2025/294/,https://devimages-cdn.apple.com/wwdc-services/images/3055294D-836B-4513-B7B0-0BC5666246B0/9895/9895_wide_250x141_2x.jpg,transcipts/wwdc2025-294.txt
254,Explore Metal 4 games,"learn to optimize your game engine with the latest advancements in metal 4. we'll cover how to unify your command encoding to minimize cpu overhead, scale up your graphics resource management to support massive scenes and maximize your memory budget, and load large libraries of pipeline states quickly. 
 
to get the most out of this session, first watch “discover metal 4.”",,Graphics & Games,ios|ipados|macos|tvos|visionos,WWDC25,wwdc2025,32:21,https://developer.apple.com/videos/play/wwdc2025/254/,https://devimages-cdn.apple.com/wwdc-services/images/3055294D-836B-4513-B7B0-0BC5666246B0/9887/9887_wide_250x141_2x.jpg,transcipts/wwdc2025-254.txt
10218,Accelerate machine learning with Metal,"learn how to accelerate your machine learning transformer models with new features in metal performance shaders graph. we'll also cover how to improve your model's compute bandwidth and quality, and visualize it in the all new mpsgraph viewer.","machine learning,metal,metal compute",Graphics & Games|Machine Learning & AI,ios|ipados|macos|visionos,WWDC24,wwdc2024,25:06,https://developer.apple.com/videos/play/wwdc2024/10218/,https://devimages-cdn.apple.com/wwdc-services/images/C03E6E6D-A32A-41D0-9E50-C3C6059820AA/9368/9368_wide_250x141_2x.jpg,transcipts/wwdc2024-10218.txt
10151,Create custom visual effects with SwiftUI,"discover how to create stunning visual effects in swiftui. learn to build unique scroll effects, rich color treatments, and custom transitions. we'll also explore advanced graphic effects using metal shaders and custom text rendering.",,Design|Graphics & Games|SwiftUI & UI Frameworks,ios|ipados|macos|tvos|visionos|watchos,WWDC24,wwdc2024,26:06,https://developer.apple.com/videos/play/wwdc2024/10151/,https://devimages-cdn.apple.com/wwdc-services/images/C03E6E6D-A32A-41D0-9E50-C3C6059820AA/9279/9279_wide_250x141_2x.jpg,transcipts/wwdc2024-10151.txt
10160,Train your machine learning and AI models on Apple GPUs,"learn how to train your models on apple silicon with metal for pytorch, jax and tensorflow. take advantage of new attention operations and quantization support for improved transformer model performance on your devices.","ai,gpu,machine learning,metal,pytorch",App Services|Machine Learning & AI,ios|ipados|macos|visionos,WWDC24,wwdc2024,18:21,https://developer.apple.com/videos/play/wwdc2024/10160/,https://devimages-cdn.apple.com/wwdc-services/images/C03E6E6D-A32A-41D0-9E50-C3C6059820AA/9288/9288_wide_250x141_2x.jpg,transcipts/wwdc2024-10160.txt
10093,Bring your iOS or iPadOS game to visionOS,discover how to transform your ios or ipados game into a uniquely visionos experience. increase the immersion (and fun factor!) with a 3d frame or an immersive background. and invite players further into your world by adding depth to the window with stereoscopy or head tracking.,"arkit,compositorservices,games,games on visionos,ios games,ipad games,metal,spatial computing",Spatial Computing|Graphics & Games,ios|ipados|visionos,WWDC24,wwdc2024,18:42,https://developer.apple.com/videos/play/wwdc2024/10093/,https://devimages-cdn.apple.com/wwdc-services/images/C03E6E6D-A32A-41D0-9E50-C3C6059820AA/9204/9204_wide_250x141_2x.jpg,transcipts/wwdc2024-10093.txt
10092,Render Metal with passthrough in visionOS,"get ready to extend your metal experiences for visionos. learn best practices for integrating your rendered content with people's physical environments with passthrough. find out how to position rendered content to match the physical world, reduce latency with trackable anchor prediction, and more.","compositorservices,metal,mixed immersion,mixed reality,visionos",Spatial Computing|Graphics & Games,visionos,WWDC24,wwdc2024,19:54,https://developer.apple.com/videos/play/wwdc2024/10092/,https://devimages-cdn.apple.com/wwdc-services/images/C03E6E6D-A32A-41D0-9E50-C3C6059820AA/9203/9203_wide_250x141_2x.jpg,transcipts/wwdc2024-10092.txt
10104,Build a spatial drawing app with RealityKit,"harness the power of realitykit through the process of building a spatial drawing app. as you create an eye-catching spatial experience that integrates realitykit with arkit and swiftui, you'll explore how resources work in realitykit and how to use features like low-level mesh and texture apis to achieve fast updates of the users' brush strokes.","3d text,anchor entity,anti aliasing,audio,blend modes,cross platform,gpu,hand tracking,ios,low level mesh,low level texture,macos,mesh extrusion,metal,reality composer pro,realitykit,rendering,spatial tracking,visionos",Developer Tools|Graphics & Games|Spatial Computing,macos|visionos,WWDC24,wwdc2024,32:25,https://developer.apple.com/videos/play/wwdc2024/10104/,https://devimages-cdn.apple.com/wwdc-services/images/C03E6E6D-A32A-41D0-9E50-C3C6059820AA/9226/9226_wide_250x141_2x.jpg,transcipts/wwdc2024-10104.txt
10089,Port advanced games to Apple platforms,"discover how simple it can be to reach players on apple platforms worldwide. we'll show you how to evaluate your windows executable on apple silicon, start your game port with code samples, convert your shader code to metal, and bring your game to mac, iphone, and ipad. explore enhanced metal tools that understand hlsl shaders to validate, debug, and profile your ported shaders on metal.","game porting toolkit,game porting toolkit 2,gptk2,ios games,ipad games,mac games,metal,metalcpp,metalfx,metal shader converter,metal shading language",Developer Tools|Graphics & Games,ios|ipados|macos,WWDC24,wwdc2024,29:32,https://developer.apple.com/videos/play/wwdc2024/10089/,https://devimages-cdn.apple.com/wwdc-services/images/C03E6E6D-A32A-41D0-9E50-C3C6059820AA/9200/9200_wide_250x141_2x.jpg,transcipts/wwdc2024-10089.txt
10223,Explore machine learning on Apple platforms,"get started with an overview of machine learning frameworks on apple platforms. whether you're implementing your first ml model, or an ml expert, we'll offer guidance to help you select the right framework for your app's needs. ","ai,bnns,machine learning amp vision,metal,mps,mps graph,pytorch",Machine Learning & AI,ios|ipados|macos|visionos|watchos,WWDC24,wwdc2024,17:33,https://developer.apple.com/videos/play/wwdc2024/10223/,https://devimages-cdn.apple.com/wwdc-services/images/C03E6E6D-A32A-41D0-9E50-C3C6059820AA/9378/9378_wide_250x141_2x.jpg,transcipts/wwdc2024-10223.txt
10159,Bring your machine learning and AI models to Apple silicon,"learn how to optimize your machine learning and ai models to leverage the power of apple silicon. review model conversion workflows to prepare your models for on-device deployment. understand model compression techniques that are compatible with apple silicon, and at what stages in your model deployment workflow you can apply them. we'll also explore the tradeoffs between storage size, latency, power usage and accuracy.","ai,compression,machine learning,metal,mps graph,optimization,silicon",Machine Learning & AI,ios|ipados|macos|visionos,WWDC24,wwdc2024,30:09,https://developer.apple.com/videos/play/wwdc2024/10159/,https://devimages-cdn.apple.com/wwdc-services/images/C03E6E6D-A32A-41D0-9E50-C3C6059820AA/9287/9287_wide_250x141_2x.jpg,transcipts/wwdc2024-10159.txt
111375,Explore GPU advancements in M3 and A17 Pro,"learn how dynamic caching, the next-generation shader core, hardware-accelerated ray tracing, and hardware-accelerated mesh shading of apple family 9 gpus can improve the performance of your metal apps and games. ",,Graphics & Games,macos,Tech Talks,tech-talks,29:09,https://developer.apple.com/videos/play/tech-talks/111375/,https://devimages-cdn.apple.com/wwdc-services/images/8/9052/9052_wide_250x141_2x.jpg,transcipts/tech-talks-111375.txt
111374,Discover new Metal profiling tools for M3 and A17 Pro,"learn how the new profiling tools in xcode 15 can help you achieve the best metal performance on apple family 9 gpus. discover how to use shader cost graphs, performance heat maps, and shader execution history tools to profile and optimize your metal code. find out how to use new gpu counters to optimize gpu occupancy and ray-tracing performance.",,Graphics & Games,ios|ipados|macos,Tech Talks,tech-talks,33:56,https://developer.apple.com/videos/play/tech-talks/111374/,https://devimages-cdn.apple.com/wwdc-services/images/8/9051/9051_wide_250x141_2x.jpg,transcipts/tech-talks-111374.txt
111373,Learn performance best practices for Metal shaders,"discover how you can improve metal shader performance using some of the latest advancements in apple gpus. learn to reduce a shader's execution time by configuring function constants, and investigate ways to increase compiler optimization with function groups. find out how to save run time by improving the shader's execution and ability to use resources in parallel. explore the apple family 9 gpu features and take advantage of hardware acceleration for ray tracing.",,Graphics & Games,ios|ipados|macos|tvos,Tech Talks,tech-talks,26:00,https://developer.apple.com/videos/play/tech-talks/111373/,https://devimages-cdn.apple.com/wwdc-services/images/8/9050/9050_wide_250x141_2x.jpg,transcipts/tech-talks-111373.txt
10089,Discover Metal for immersive apps,"find out how you can use metal to render fully immersive experiences for visionos. we'll show you how to set up a rendering session on the platform and create a basic render loop, and share how you can make your experience interactive by incorporating spatial input.","compositor,compositorservices",Spatial Computing|Graphics & Games,visionos,WWDC23,wwdc2023,20:51,https://developer.apple.com/videos/play/wwdc2023/10089/,https://devimages-cdn.apple.com/wwdc-services/images/D35E0E85-CCB6-41A1-B227-7995ECD83ED5/8143/8143_wide_250x141_2x.jpg,transcipts/wwdc2023-10089.txt
10050,Optimize machine learning for Metal apps,"discover the latest enhancements to accelerated ml training in metal. find out about updates to pytorch and tensorflow, and learn about metal acceleration for jax. we'll show you how mps graph can support faster ml inference when you use both the gpu and apple neural engine, and share how the same api can rapidly integrate your core ml and onnx models. 
 
for more information on using metal for machine learning, check out “accelerate machine learning with metal” from wwdc22.",,Machine Learning & AI,ios|ipados|macos,WWDC23,wwdc2023,21:15,https://developer.apple.com/videos/play/wwdc2023/10050/,https://devimages-cdn.apple.com/wwdc-services/images/D35E0E85-CCB6-41A1-B227-7995ECD83ED5/8098/8098_wide_250x141_2x.jpg,transcipts/wwdc2023-10050.txt
10127,Optimize GPU renderers with Metal,"discover how to optimize your gpu renderer using the latest metal features and best practices. we'll show you how to use function specialization and parallel shader compilation to maintain responsive authoring workflows and the fastest rendering speeds, and help you tune your compute shaders for optimal performance.",,Developer Tools|Graphics & Games,macos,WWDC23,wwdc2023,16:57,https://developer.apple.com/videos/play/wwdc2023/10127/,https://devimages-cdn.apple.com/wwdc-services/images/D35E0E85-CCB6-41A1-B227-7995ECD83ED5/8184/8184_wide_250x141_2x.jpg,transcipts/wwdc2023-10127.txt
10128,Your guide to Metal ray tracing,"discover how you can enhance the visual quality of your games and apps with metal ray tracing. we'll take you through the fundamentals of the metal ray tracing api. explore the latest enhancements and techniques that will enable you to create larger and more complex scenes, reduce memory usage and build times, and efficiently render visual content like hair and fur.",,Graphics & Games,ios|ipados|macos|tvos,WWDC23,wwdc2023,31:58,https://developer.apple.com/videos/play/wwdc2023/10128/,https://devimages-cdn.apple.com/wwdc-services/images/D35E0E85-CCB6-41A1-B227-7995ECD83ED5/8185/8185_wide_250x141_2x.jpg,transcipts/wwdc2023-10128.txt
10125,"Bring your game to Mac, Part 3: Render with Metal","discover how you can support metal in your rendering code as we close out our three-part series on bringing your game to mac. once you've evaluated your existing windows binary with the game porting toolkit and brought your hlsl shaders over to metal, learn how you can optimally implement the features that high-end, modern games require. we'll show you how to manage gpu resource bindings, residency, and synchronization. find out how to optimize gpu commands submission, render rich visuals with metalfx upscaling, and more. 
 
to get the most out of this session, we recommend first watching “bring your game to mac, part 1: make a game plan” and “bring your game to mac, part 2: compile your shaders",,Developer Tools|Graphics & Games,ios|ipados|macos|tvos,WWDC23,wwdc2023,26:45,https://developer.apple.com/videos/play/wwdc2023/10125/,https://devimages-cdn.apple.com/wwdc-services/images/D35E0E85-CCB6-41A1-B227-7995ECD83ED5/8182/8182_wide_250x141_2x.jpg,transcipts/wwdc2023-10125.txt
10124,"Bring your game to Mac, Part 2: Compile your shaders","discover how the metal shader converter streamlines the process of bringing your hlsl shaders to metal as we continue our three-part series on bringing your game to mac. find out how to build a fast, end-to-end shader pipeline from dxil that supports all shader stages and allows you to leverage the advanced features of apple gpus. we'll also show you how to reduce app launch time and stutters by generating gpu binaries with the offline compiler. 
 
to get the most out of this session, we recommend first watching “bring your game to mac, part 1: make a game plan.",,Developer Tools|Graphics & Games,ios|ipados|macos|tvos,WWDC23,wwdc2023,18:57,https://developer.apple.com/videos/play/wwdc2023/10124/,https://devimages-cdn.apple.com/wwdc-services/images/D35E0E85-CCB6-41A1-B227-7995ECD83ED5/8181/8181_wide_250x141_2x.jpg,transcipts/wwdc2023-10124.txt
10123,"Bring your game to Mac, Part 1: Make a game plan","bring modern, high-end games to mac and ipad with the powerful features of metal and apple silicon. discover the game porting toolkit and learn how it can help you evaluate your existing windows game for graphics feature compatibility and performance. we'll share best practices and technical resources for handling audio, input, and advanced display features. 
 
once you've watched this session, check out “bring your game to mac, part 2: compile your shaders” to learn more about bringing hlsl shaders to metal.",,Developer Tools|Essentials|Graphics & Games,ios|ipados|macos|tvos,WWDC23,wwdc2023,15:06,https://developer.apple.com/videos/play/wwdc2023/10123/,https://devimages-cdn.apple.com/wwdc-services/images/D35E0E85-CCB6-41A1-B227-7995ECD83ED5/8180/8180_wide_250x141_2x.jpg,transcipts/wwdc2023-10123.txt
10096,Build great games for spatial computing,"find out how you can develop great gaming experiences for visionos. we'll share some of the key building blocks that help you create games for this platform, explore how your experiences can fluidly move between levels of immersion, and provide a roadmap for exploring arkit, realitykit, reality composer pro, unity, metal, and compositor.",,Spatial Computing|Graphics & Games,visionos,WWDC23,wwdc2023,18:26,https://developer.apple.com/videos/play/wwdc2023/10096/,https://devimages-cdn.apple.com/wwdc-services/images/D35E0E85-CCB6-41A1-B227-7995ECD83ED5/8150/8150_wide_250x141_2x.jpg,transcipts/wwdc2023-10096.txt
110339,Discover Metal Performance HUD,"get to know the new heads-up display panel built to help you analyze graphics performance in real time. metal performance hud displays key graphics statistics so you can monitor, log, and identify tough-to-spot performance problems.",,Developer Tools|Graphics & Games,ios|ipados|macos|tvos,Tech Talks,tech-talks,6:44,https://developer.apple.com/videos/play/tech-talks/110339/,https://devimages-cdn.apple.com/wwdc-services/images/8/7480/7480_wide_250x141_2x.jpg,transcipts/tech-talks-110339.txt
10063,Accelerate machine learning with Metal,"discover how you can use metal to accelerate your pytorch model training on macos. we'll take you through updates to tensorflow training support, explore the latest features and operations of mps graph, and share best practices to help you achieve great performance for all your machine learning needs. 
 
for more on using metal with machine learning, watch ",,Graphics & Games|Machine Learning & AI,ios|ipados|macos,WWDC22,wwdc2022,29:51,https://developer.apple.com/videos/play/wwdc2022/10063/,https://devimages-cdn.apple.com/wwdc-services/images/124/6556/6556_wide_250x141_2x.jpg,transcipts/wwdc2022-10063.txt
10106,Profile and optimize your game's memory,"learn how apple platforms calculate and allocate memory for your game. we'll show you how to use instruments and the game memory template to profile your game, take a memory graph to monitor current memory use, and analyze it using xcode memory debugger and command line tools. we'll also explore metal resources in metal debugger and provide tips and tricks to further help you optimize memory usage.","game dev,game developer,games,instruments,memory,memory graph,metal 3,profile guided optimization,xcode",Graphics & Games,ios|ipados|macos|tvos,WWDC22,wwdc2022,38:26,https://developer.apple.com/videos/play/wwdc2022/10106/,https://devimages-cdn.apple.com/wwdc-services/images/124/6600/6600_wide_250x141_2x.jpg,transcipts/wwdc2022-10106.txt
10159,Scale compute workloads across Apple GPUs,"discover how you can create compute workloads that scale efficiently across apple gpus. learn how to saturate the gpu by improving your work distribution, minimize gpu timeline gaps with effective pipelining and concurrent dispatches, and use atomic operations effectively. we'll also take you through the latest counters and tools in xcode and instruments that can help you optimize spatial and temporal memory access patterns.","compilation,compiler,metal,metal 3,metal compute,metal shading language,metal tools,performance,xcode",Graphics & Games,ios|ipados|macos|tvos,WWDC22,wwdc2022,24:57,https://developer.apple.com/videos/play/wwdc2022/10159/,https://devimages-cdn.apple.com/wwdc-services/images/124/6658/6658_wide_250x141_2x.jpg,transcipts/wwdc2022-10159.txt
10114,"Display EDR content with Core Image, Metal, and SwiftUI",discover how you can add support for rendering in extended dynamic range (edr) from a core image based multi-platform swiftui application. we'll outline best practices for displaying ciimages to a mtkview using viewrepresentable. we'll also share the simple steps to enable edr rendering and explore some of the over 150 built-in cifilters that support edr.,,Audio & Video|Photos & Camera|SwiftUI & UI Frameworks|Graphics & Games,ios|ipados|macos,WWDC22,wwdc2022,17:41,https://developer.apple.com/videos/play/wwdc2022/10114/,https://devimages-cdn.apple.com/wwdc-services/images/124/6610/6610_wide_250x141_2x.jpg,transcipts/wwdc2022-10114.txt
10162,Transform your geometry with Metal mesh shaders,"meet metal mesh shaders — a modern and flexible pipeline in metal for gpu-driven geometry creation and processing. we'll explore how this api can improve and add flexibility to your render pipeline, and share some of the opportunities that gpu-driven work can create. discover how you can create procedural geometry — like hair rendering — on the gpu using mesh shaders, and build single render passes without additional compute passes or intermediate buffers. we'll also show you how to improve scene processing and rendering through gpu-driven meshlet culling.","3d graphics,game dev,game developer,mesh shaders,metal,metal 3,metal shading language,metal tools,proapps,procedural geometry",Graphics & Games,ios|ipados|macos|tvos,WWDC22,wwdc2022,17:44,https://developer.apple.com/videos/play/wwdc2022/10162/,https://devimages-cdn.apple.com/wwdc-services/images/124/6661/6661_wide_250x141_2x.jpg,transcipts/wwdc2022-10162.txt
110565,Display HDR video in EDR with AVFoundation and Metal,"learn how you can take advantage of avfoundation and metal to build an efficient edr pipeline. follow along as we demonstrate how you can use avplayer to display hdr video as edr, add playback into an app view, render it with metal, and use core image or custom metal shaders to add video effects such as keying or color management. whether you develop games or pro apps, we'll help you decide which frameworks to use and share best practices for selecting transports, colorspaces, and pixelbuffer formats.",,Audio & Video|Photos & Camera|SwiftUI & UI Frameworks|Graphics & Games,ios|ipados|macos|tvos,WWDC22,wwdc2022,22:04,https://developer.apple.com/videos/play/wwdc2022/110565/,https://devimages-cdn.apple.com/wwdc-services/images/124/6931/6931_wide_250x141_2x.jpg,transcipts/wwdc2022-110565.txt
10105,Maximize your Metal ray tracing performance,learn how to simplify your ray tracing code and increase performance with the power of metal 3. we'll explore the gpu debugging and profiling tools that can help you tune your ray tracing applications. we'll also show you how you can speed up intersection tests and reduce shader code memory accesses and indirections with per-primitive data in an acceleration structure. and we'll help you implement faster acceleration structure builds and refits to reduce load times and per-frame overhead. ,"game dev,game developer,metal,metal 3,metal shading language,metal tools,optimization,proapps,raytracing,ray tracing",Graphics & Games,ios|ipados|macos|tvos,WWDC22,wwdc2022,31:23,https://developer.apple.com/videos/play/wwdc2022/10105/,https://devimages-cdn.apple.com/wwdc-services/images/124/6599/6599_wide_250x141_2x.jpg,transcipts/wwdc2022-10105.txt
10101,Go bindless with Metal 3,"learn how you can unleash powerful rendering techniques like ray tracing when you go bindless with metal 3. we'll show you how to make your app's bindless journey a joy by simplifying argument buffers, allocating acceleration structures from heaps, and benefitting from the improvements to the metal's validation layer and debugger tools. we'll also explore how you can command more cpu and gpu performance with long-term resource structures. 
","3d graphics,bindless,game,game dev,game developer,metal,metal shading language,metal tools,proapps,raytracing",Graphics & Games,ios|ipados|macos|tvos,WWDC22,wwdc2022,34:14,https://developer.apple.com/videos/play/wwdc2022/10101/,https://devimages-cdn.apple.com/wwdc-services/images/124/6595/6595_wide_250x141_2x.jpg,transcipts/wwdc2022-10101.txt
10103,Boost performance with MetalFX Upscaling,"discover metalfx, a new api that provides platform optimized graphics effects for metal applications. with metalfx upscaling, your application can now render frames at a lower resolution, reducing rendering time, without compromising rendering quality. we'll also show you how and when to use its two effects: spatial upscaling, which delivers substantial performance gains, and temporal aa and upscaling, which delivers the highest quality rendering.","game dev,game developer,games,metal,metal 3,metalfx,metalfx upscaling,metal tools,performance",Graphics & Games,ios|ipados|macos|tvos,WWDC22,wwdc2022,22:11,https://developer.apple.com/videos/play/wwdc2022/10103/,https://devimages-cdn.apple.com/wwdc-services/images/124/6597/6597_wide_250x141_2x.jpg,transcipts/wwdc2022-10103.txt
10102,Target and optimize GPU binaries with Metal 3,"discover how you can reduce in-app stutters, first launch times, and new level load times when you generate your gpu binaries entirely at project build time with offline compilation. we'll also show you how to improve total compile time and binary size for larger gpu programs using the ","compilation,compiler,metal,metal shading language,metal tools,performance,xcode",Graphics & Games,ios|ipados|macos|tvos,WWDC22,wwdc2022,13:48,https://developer.apple.com/videos/play/wwdc2022/10102/,https://devimages-cdn.apple.com/wwdc-services/images/124/6596/6596_wide_250x141_2x.jpg,transcipts/wwdc2022-10102.txt
10066,Discover Metal 3,"harness the full potential of apple silicon in your app with metal 3. we'll introduce you to the latest features, improvements, and tooling. we'll also explore how you can use advanced features and compiler tools to load resources faster, compile shader binaries at build time, process complex geometry with mesh shaders, render high-resolution graphics in less time, train machine learning networks faster, and more. ","game dev,game developer,metal,metal 3,metal compute,metal shading language,metal tools,proapps,raytracing,ray tracing",Graphics & Games,ios|ipados|macos|tvos,WWDC22,wwdc2022,15:44,https://developer.apple.com/videos/play/wwdc2022/10066/,https://devimages-cdn.apple.com/wwdc-services/images/124/6559/6559_wide_250x141_2x.jpg,transcipts/wwdc2022-10066.txt
10104,Load resources faster with Metal 3,"discover how you can use fast resource streaming in metal 3 to quickly load assets. we'll show you how to use an asynchronous set-it-and-forget-it workflow in your app to take advantage of the speed of ssd storage and the throughput of apple silicon's unified memory architecture. we'll also explore how you can create separate queues that run parallel to — and synchronize with — your gpu render and compute work. finally, we'll share how to designate assets like audio with high-priority queues to help you load data with lower latency.","3d graphics,game,game dev,game developer,metal,metal 3,metal tools,raytracing",Graphics & Games,ios|ipados|macos|tvos,WWDC22,wwdc2022,22:24,https://developer.apple.com/videos/play/wwdc2022/10104/,https://devimages-cdn.apple.com/wwdc-services/images/124/6598/6598_wide_250x141_2x.jpg,transcipts/wwdc2022-10104.txt
10160,Program Metal in C++ with metal-cpp,"your c++ games and apps can now tap into the power of metal. we'll show you how metal-cpp helps you bridge your c++ code to metal, explore how each manages object lifecycles, and demonstrate utilities that can help these language cooperate in your app. we'll also share best practices for designing app architecture to elegantly integrate objective-c and c++ together.","c,game dev,game developer,metal 3,metalcpp",Graphics & Games,ios|ipados|macos|tvos,WWDC22,wwdc2022,26:58,https://developer.apple.com/videos/play/wwdc2022/10160/,https://devimages-cdn.apple.com/wwdc-services/images/124/6659/6659_wide_250x141_2x.jpg,transcipts/wwdc2022-10160.txt
10580,Metal Compute on MacBook Pro,discover how you can take advantage of metal compute on the latest macbook pro. learn the fundamental principles of high-performance metal compute and find out how you can take advantage of the framework to create better workflows for your development process and even better apps for creative pros.,"apple silicon,cuda,metal,metal shading language,metal tools,opencl,performance,proapps,tips and tricks",Graphics & Games,macos,Tech Talks,tech-talks,23:44,https://developer.apple.com/videos/play/tech-talks/10580/,https://devimages-cdn.apple.com/wwdc-services/images/8/5056/5056_wide_250x141_2x.jpg,transcipts/tech-talks-10580.txt
10876,Discover advances in Metal for A15 Bionic,"discover how you can elevate your apps and games with metal and the a15 bionic. we'll help you take advantage of apple gpu family 8 with the latest metal features: learn how to save memory with lossy compression, dive into complex shadow mapping techniques with sparse depth and stencil textures, and process images faster with simd shuffle and fill instructions.","2d graphics,3d graphics,games,image processing,metal,metal compute,metal shading language,rendering techniques,simd",Developer Tools|Graphics & Games,ios|ipados|macos,Tech Talks,tech-talks,23:31,https://developer.apple.com/videos/play/tech-talks/10876/,https://devimages-cdn.apple.com/wwdc-services/images/8/5963/5963_wide_250x141_2x.jpg,transcipts/tech-talks-10876.txt
10152,Accelerate machine learning with Metal Performance Shaders Graph,"metal performance shaders graph is a compute engine that helps you build, compile, and execute customized multidimensional graphs for linear algebra, machine learning, computer vision, and image processing. discover how mpsgraph can accelerate the popular tensorflow platform through a metal backend for apple products. learn how to add control flow to your graphs, manage the graph compilation for optimal performance, and use the mpsgraph operations to accelerate the hardest compute applications with only a few lines of code.","machine learning,metal,metal shading language,optimization,performance",Machine Learning & AI|Graphics & Games,ios|ipados|macos,WWDC21,wwdc2021,29:12,https://developer.apple.com/videos/play/wwdc2021/10152/,https://devimages-cdn.apple.com/wwdc-services/images/119/5054/5054_wide_250x141_2x.jpg,transcipts/wwdc2021-10152.txt
10147,Optimize for variable refresh rate displays,"discover how to achieve smooth screen updates on all apple platforms that support dynamic display timing. learn techniques for pacing full-screen game updates on adaptive sync displays in macos, and find out how low power mode and other system states affect frame rate availability on promotion displays. we'll also share best practices for driving custom drawing using display link apis.","display,display p3,game dev,game developer,metal,metal shading language,metal tools,optimization,proapps",Graphics & Games,ios|ipados|macos,WWDC21,wwdc2021,23:20,https://developer.apple.com/videos/play/wwdc2021/10147/,https://devimages-cdn.apple.com/wwdc-services/images/119/5049/5049_wide_250x141_2x.jpg,transcipts/wwdc2021-10147.txt
10229,Discover compilation workflows in Metal,"the metal shading language is a powerful c++ based language that allows apps to render stunning effects while maintaining a flexible shader development pipeline. discover how to more easily build and extend your render pipelines using dynamic libraries and function pointers. we'll also show you how to accelerate your shader compilation at runtime with binary function archives, function linking, and function stitching.","compilation,compiler,metal,metal shading language,metal tools,performance,xcode",Graphics & Games,ios|ipados|macos|tvos,WWDC21,wwdc2021,24:52,https://developer.apple.com/videos/play/wwdc2021/10229/,https://devimages-cdn.apple.com/wwdc-services/images/119/5144/5144_wide_250x141_2x.jpg,transcipts/wwdc2021-10229.txt
10153,Create image processing apps powered by Apple silicon,"discover how to optimize your image processing app for apple silicon. explore how to take advantage of metal render command encoders, tile shading, unified memory architecture, and memoryless attachments. we'll show you how to use apple's unique tile based deferred renderer architecture to create power efficient apps with low memory footprint, and take you through best practices when migrating your compute-based apps from discrete gpus to apple silicon.","apple silicon,cuda,metal,metal shading language,metal tools,opencl,performance,proapps,tips and tricks,video,video effects",Graphics & Games,ios|ipados|macos,WWDC21,wwdc2021,29:34,https://developer.apple.com/videos/play/wwdc2021/10153/,https://devimages-cdn.apple.com/wwdc-services/images/119/5055/5055_wide_250x141_2x.jpg,transcipts/wwdc2021-10153.txt
10148,Optimize high-end games for Apple GPUs,"optimize your high-end games for apple gpus: we'll show you how you can use our rendering and debugging tools to eliminate performance issues and make your games great on apple platforms. learn from our experiences working with developers at larian studios and 4a games as we help them optimize their games for apple gpus. 
 
we'll explore various techniques for improving your game's performance, including optimizing shaders, reducing memory bandwidth utilization, and increasing the overlap of your gpu workloads. we'll also dive into the new gpu timeline profiling tool in xcode 13 to identify possible performance bottlenecks in “divinity: original sin 2” when running on ipad. 
 
for this session, you should be familiar with the tile-based deferred rendering architecture in apple gpus, and have a working knowledge of xcode and the metal api. 
 
check out “discover metal debugging, profiling, and asset creation tools” or the wwdc20 session “optimize metal apps and games with gpu counters” to learn more about using our tools to profile graphics workloads.",,Developer Tools|Graphics & Games,ios|ipados|macos|tvos,WWDC21,wwdc2021,32:27,https://developer.apple.com/videos/play/wwdc2021/10148/,https://devimages-cdn.apple.com/wwdc-services/images/119/5050/5050_wide_250x141_2x.jpg,transcipts/wwdc2021-10148.txt
10161,Explore HDR rendering with EDR,"edr is apple's high dynamic range representation and rendering pipeline. explore how you can render hdr content using edr in your app and unleash the dynamic range capabilities of your hdr display including apple's internal displays and pro display xdr. 
 
we'll show you how game and pro app developers can take advantage of the native edr apis on macos for even more control, and provide best practices for deciding when hdr is appropriate, applying tone-mapping, and delivering hdr content.","display,display p3,edr,hdr,metal,metal shading language",Audio & Video|Photos & Camera|Graphics & Games,ios|ipados|macos,WWDC21,wwdc2021,34:16,https://developer.apple.com/videos/play/wwdc2021/10161/,https://devimages-cdn.apple.com/wwdc-services/images/119/5063/5063_wide_250x141_2x.jpg,transcipts/wwdc2021-10161.txt
10145,Evaluate videos with the Advanced Video Quality Tool,"learn how the advanced video quality tool (avqt) can help you accurately assess the perceptual quality of your compressed video files. utilizing the avfoundation framework, avqt supports a wide range of video formats, codecs, resolutions and frame-rates in both the sdr and hdr domains, which results in easy and efficient workflows — for example, no requirement to decode to a raw pixel format. 
 
avqt uses metal to achieve high processing speeds by offloading heavy pixel-level computation to the gpu, typically analyzing videos in excess of real-time video frame rates. with incredible ease of use and computational efficiency, avqt can help you eliminate low-quality videos from your video catalog before they might otherwise reach people in your app.","analysis,avqt,psnr,quality,ssim,video,video quality",Developer Tools|Audio & Video,ios|ipados|macos|tvos,WWDC21,wwdc2021,16:35,https://developer.apple.com/videos/play/wwdc2021/10145/,https://devimages-cdn.apple.com/wwdc-services/images/119/5047/5047_wide_250x141_2x.jpg,transcipts/wwdc2021-10145.txt
10157,"Discover Metal debugging, profiling, and asset creation tools","explore how xcode can help you take your metal debugging, profiling and asset creation workflows to the next level. discover the latest tools for ray tracing and gpu profiling, and learn about metal debugger workflows. we'll also show you how to use the texture converter tool, which supports all modern gpu texture formats and can easily integrate into your multi-platform asset creation pipelines.",,Graphics & Games|Developer Tools,ios|ipados|macos|tvos,WWDC21,wwdc2021,39:53,https://developer.apple.com/videos/play/wwdc2021/10157/,https://devimages-cdn.apple.com/wwdc-services/images/119/5059/5059_wide_250x141_2x.jpg,transcipts/wwdc2021-10157.txt
10159,Explore Core Image kernel improvements,"discover how you can add core image kernels written in the metal shading language into your app. we'll explore how you can use xcode rules and naming conventions for core image kernels written in the metal shading language, and help you make sense of metal's stitchable functions and dynamic library features to benefit core image kernels.","coreimage,filters,hardware,image,image processing,metal,metal shading language,metal tools,photos",Audio & Video|Photos & Camera|Graphics & Games,ios|ipados|macos,WWDC21,wwdc2021,9:03,https://developer.apple.com/videos/play/wwdc2021/10159/,https://devimages-cdn.apple.com/wwdc-services/images/119/5061/5061_wide_250x141_2x.jpg,transcipts/wwdc2021-10159.txt
10075,Explore advanced rendering with RealityKit 2,"create stunning visuals for your augmented reality experiences with cutting-edge rendering advancements in realitykit. learn the art of writing custom shaders, draw real-time dynamic meshes, and explore creative post-processing effects to help you stylize your ar scene.","3d graphics,ar,arkit,augmented reality,core image,depth map,lidar,metal shading language,realitykit,scenekit",Graphics & Games|Spatial Computing,ios|ipados|macos,WWDC21,wwdc2021,29:53,https://developer.apple.com/videos/play/wwdc2021/10075/,https://devimages-cdn.apple.com/wwdc-services/images/119/4967/4967_wide_250x141_2x.jpg,transcipts/wwdc2021-10075.txt
10286,Explore bindless rendering in Metal,unleash the full potential of your shaders and implement modern rendering techniques by adding argument buffers to adopt bindless rendering. learn how to make your entire scene and resources available to the gpu to make the most out of raytracing and rasterization pipelines.,"3d graphics,game,game dev,game developer,metal,metal shading language,metal tools,proapps,raytracing",Graphics & Games,ios|ipados|macos|tvos,WWDC21,wwdc2021,21:12,https://developer.apple.com/videos/play/wwdc2021/10286/,https://devimages-cdn.apple.com/wwdc-services/images/119/5224/5224_wide_250x141_2x.jpg,transcipts/wwdc2021-10286.txt
10150,Explore hybrid rendering with Metal ray tracing,"discover how you can combine ray tracing with your rasterization engine to implement simplified graphics techniques and elevate visuals in your app or game. we'll explore how you can use natural algorithms to accurately simulate the interplays of light, and learn how to take advantage of the latest tools in xcode to capture, inspect, and debug your ray-traced scenes.","game dev,game developer,metal,metal shading language,metal tools,optimization,proapps",Graphics & Games,ios|ipados|macos,WWDC21,wwdc2021,29:48,https://developer.apple.com/videos/play/wwdc2021/10150/,https://devimages-cdn.apple.com/wwdc-services/images/119/5052/5052_wide_250x141_2x.jpg,transcipts/wwdc2021-10150.txt
10149,Enhance your app with Metal ray tracing,"achieve photorealistic 3d scenes in your apps and games through ray tracing, a core part of the metal graphics framework and shading language. we'll explore the latest improvements in implementing ray tracing and take you through upgrades to the production rendering process. discover metal apis to help you create more detailed scenes, integrate natively-supported content with motion, and more.","game dev,game developer,metal,metal shading language,metal tools,optimization,proapps,raytracing",Graphics & Games,ios|ipados|macos,WWDC21,wwdc2021,29:50,https://developer.apple.com/videos/play/wwdc2021/10149/,https://devimages-cdn.apple.com/wwdc-services/images/119/5051/5051_wide_250x141_2x.jpg,transcipts/wwdc2021-10149.txt
10001,Explore Live GPU Profiling with Metal Counters,"take advantage of the metal counters api for gpu profiling in macos big sur and ios 14. this api provides access at runtime to low-level gpu profiling information, which was previously available only through offline tools in xcode and instruments. metal counters accelerate the optimization process by giving you access to important gpu information, helping you fine-tune your app's performance to create faster and more fluid apps and gaming experiences. learn to collect and parse these low-level gpu timestamps and use the in-depth information to help with performance tuning in metal.",,Graphics & Games,ios|ipados|macos|tvos,Tech Talks,tech-talks,13:26,https://developer.apple.com/videos/play/tech-talks/10001/,https://devimages-cdn.apple.com/wwdc-services/images/8/3828/3828_wide_250x141_2x.jpg,transcipts/tech-talks-10001.txt
10858,Discover Metal enhancements for A14 Bionic,"explore how metal is bringing sophisticated rendering and powerful compute features to a14 bionic. we'll take you through the metal capabilities delivered in the apple gpu family 7 feature set, including new texture addressing modes, fast simd reduction and matrix multiplication operations, and a deep dive into implementing a visibility buffer using barycentric coordinates and primitive id.",,Developer Tools|Graphics & Games,ios|ipados,Tech Talks,tech-talks,28:57,https://developer.apple.com/videos/play/tech-talks/10858/,https://devimages-cdn.apple.com/wwdc-services/images/8/4677/4677_wide_250x141_2x.jpg,transcipts/tech-talks-10858.txt
10677,Build customized ML models with the Metal Performance Shaders Graph,"discover the metal performance shaders (mps) graph, which extends metal's compute capabilities to multi-dimensional tensors. mps graph builds on the highly tuned library of data parallel primitives that are vital to machine learning and leverages the tremendous power of the gpu. explore how mps graph can help express sophisticated and dynamic neural network training architectures and optimize across them to get acceleration on the gpu. 
 
for a deeper understanding of the concepts covered in this session, check out ","compute,graph,machine learning,metal,metal shading language,mps,mps graph,neural network,operations,tensors",Graphics & Games|Machine Learning & AI,ios|ipados|macos|tvos,WWDC20,wwdc2020,39:35,https://developer.apple.com/videos/play/wwdc2020/10677/,https://devimages-cdn.apple.com/wwdc-services/images/49/3788/3788_wide_250x141_2x.jpg,transcipts/wwdc2020-10677.txt
10013,Get to know Metal function pointers,"metal is a low-level, low-overhead hardware-accelerated graphics framework and shader application programming interface for producing stunning visual effects in applications. discover how to make your shaders written in metal shading language more programmable and extensible by using function pointers. learn how to take advantage of this new feature for dynamic flow control in metal shaders. discover how to use function pointers to specify custom intersection functions in your ray tracing application. we'll explain how function pointers allow several compilations models so you can balance gpu pipeline size against runtime performance.",,Graphics & Games,ios|ipados|macos|tvos,WWDC20,wwdc2020,20:31,https://developer.apple.com/videos/play/wwdc2020/10013/,https://devimages-cdn.apple.com/wwdc-services/images/49/3762/3762_wide_250x141_2x.jpg,transcipts/wwdc2020-10013.txt
10012,Discover ray tracing with Metal,"achieve photorealistic 3d scenes in your apps and games through ray tracing — a core part of the metal graphics framework and shading language. discover the fundamentals of the metal ray tracing api and shading language extensions for ray tracing, find out how to use them in your graphics apps and games, and learn how to take control of your kernels and combine them into a single compute kernel for optimal performance.",,Graphics & Games,ios|ipados|macos|tvos,WWDC20,wwdc2020,21:05,https://developer.apple.com/videos/play/wwdc2020/10012/,https://devimages-cdn.apple.com/wwdc-services/images/49/3469/3469_wide_250x141_2x.jpg,transcipts/wwdc2020-10012.txt
10605,Gain insights into your Metal app with Xcode 12,"learn how to locate graphics issues in minutes with metal's debugging and performance optimization tools in xcode 12. we'll show you how to diagnose problems quickly using metal debugger. discover the new summary view, which suggests ways to improve memory usage, bandwidth, performance, and implementation of the metal api. 
 
you should have a basic understanding of metal to get the most out of this session. for background, watch “harness apple gpus with metal.”",,Developer Tools|Graphics & Games,ios|ipados|macos|tvos,WWDC20,wwdc2020,14:17,https://developer.apple.com/videos/play/wwdc2020/10605/,https://devimages-cdn.apple.com/wwdc-services/images/49/3874/3874_wide_250x141_2x.jpg,transcipts/wwdc2020-10605.txt
10603,Optimize Metal apps and games with GPU counters,"gpu counters can help you precisely measure gpu utilization to pinpoint bottlenecks and optimize workloads for your metal apps and games. we'll walk you through the tools available in the metal system trace instrument and metal debugger in xcode 12 to profile your graphics workload, and show you how to use collected data to discover underused and overworked stages of your gpu pipeline. discover how you can act on that data to improve your app's capabilities. 
 
to get the most out of the session, you should understand the tile-based deferred rendering architecture of apple gpus and familiarize yourself with our recommended best practices for performance optimization. for a primer, check out “delivering optimized metal apps and games” and “harness apple gpus with metal.” 
 
once you've learned how to act on gpu counter data to optimize your metal apps, see how you can use those skills to ",,Graphics & Games|Developer Tools,ios|ipados|macos|tvos,WWDC20,wwdc2020,32:50,https://developer.apple.com/videos/play/wwdc2020/10603/,https://devimages-cdn.apple.com/wwdc-services/images/49/3415/3415_wide_250x141_2x.jpg,transcipts/wwdc2020-10603.txt
10616,Debug GPU-side errors in Metal,"track down even the trickiest gpu-side programming errors with enhanced reporting in xcode 12. while metal's api validation layer can catch most problems in a project, gpu errors can cause a host of difficult-to-debug issues. 
 
get an introduction to gpu-side errors and learn how to find and eliminate problems like visual corruption, infinite loop timeouts, out of bounds memory accesses, nil resource access, or invalid resource residency with xcode 12. discover how to enable enhanced command buffer error reporting and shader validation, use them effectively as part of your debugging strategy, and automate them in your production pipeline.",,Developer Tools|Graphics & Games,ios|ipados|macos|tvos,WWDC20,wwdc2020,20:56,https://developer.apple.com/videos/play/wwdc2020/10616/,https://devimages-cdn.apple.com/wwdc-services/images/49/3728/3728_wide_250x141_2x.jpg,transcipts/wwdc2020-10616.txt
10090,Decode ProRes with AVFoundation and VideoToolbox,"make decoding and displaying prores content easier in your mac app: learn how to implement an optimal graphics pipeline by leveraging avfoundation and videotoolbox's decoding capabilities. we'll share best practices and performance considerations for your app, show you how to integrate afterburner cards into your pipeline, and walk through how you can display decoded frames using metal.","av foundation,metal,performance,prores,video",Developer Tools|Graphics & Games|Audio & Video,macos,WWDC20,wwdc2020,23:40,https://developer.apple.com/videos/play/wwdc2020/10090/,https://devimages-cdn.apple.com/wwdc-services/images/49/3463/3463_wide_250x141_2x.jpg,transcipts/wwdc2020-10090.txt
10621,Support performance-intensive apps and games,"ios and ipados provide powerful capabilities to help developers deliver breakthrough apps and games across all device generations. in certain instances, however, demanding apps with exceptional performance requirements may only be able to provide the best experience on devices with an a12 bionic chip or higher.  
 
with xcode 12, developers can now enable a setting for performance-intensive apps and games to indicate this requirement. we'll walk you through the narrow circumstances for when to apply this setting and the app distribution trade-offs that must be carefully considered.  
 
before selecting this approach, you should have deep experience in optimizing your apps. watch “delivering optimized metal apps and games” for specific insights into the tools and best practices you can use to make your product work well on all supported devices. 
 
for more on creating graphics-intensive experiences for your app or game using metal, check out “harness apple gpus with metal”.",,"App Store, Distribution & Marketing|Graphics & Games",ios|ipados,WWDC20,wwdc2020,5:42,https://developer.apple.com/videos/play/wwdc2020/10621/,https://devimages-cdn.apple.com/wwdc-services/images/49/3570/3570_wide_250x141_2x.jpg,transcipts/wwdc2020-10621.txt
10615,Build GPU binaries with Metal,"power up your shader pipeline with enhancements to the metal shader compilation model — all leading to a dramatic reduction in pipeline state object (pso) loading time, especially upon first launch. learn about explicit pso caching and sharing of gpu binaries using metal binary archives and dynamic libraries. and we'll detail the toolchain to create libraries and improve your shader compilation workflow.",,Developer Tools|Graphics & Games,ios|ipados|macos|tvos,WWDC20,wwdc2020,36:16,https://developer.apple.com/videos/play/wwdc2020/10615/,https://devimages-cdn.apple.com/wwdc-services/images/49/3678/3678_wide_250x141_2x.jpg,transcipts/wwdc2020-10615.txt
10631,Bring your Metal app to Apple silicon Macs,"meet the tile based deferred rendering (tbdr) gpu architecture for apple silicon macs — the heart of your metal app or game's graphics performance. learn how you can translate or port your graphics-intensive app over to apple silicon, and how to take advantage of tbdr and metal when building natively for the platform. we'll look at how tbdr compares with the immediate mode rendering pipeline of older macs, go through common issues you may face when bringing an app or game over, and explore how to offer incredible performance when building with the native sdk. 
 
we've designed this session in tandem with “optimize metal performance for apple silicon macs.” after you've watched this session be sure to check that out next.",,Graphics & Games,macos,WWDC20,wwdc2020,33:52,https://developer.apple.com/videos/play/wwdc2020/10631/,https://devimages-cdn.apple.com/wwdc-services/images/49/3661/3661_wide_250x141_2x.jpg,transcipts/wwdc2020-10631.txt
10089,Discover Core Image debugging techniques,"find and fix rendering and optimization issues in your core image pipeline with xcode environment variable. discover how you can set the environment variable for visualizing your core image graphs. you'll learn how to generate core image graphs and how to interpret them to discover memory, color, and performance issues and better improve and optimize your core image pipeline.","coreimage,graphics,image processing,metal,performance,video,xcode",Audio & Video|Developer Tools|Photos & Camera|Graphics & Games,ios|ipados|macos|tvos,WWDC20,wwdc2020,7:16,https://developer.apple.com/videos/play/wwdc2020/10089/,https://devimages-cdn.apple.com/wwdc-services/images/49/3460/3460_wide_250x141_2x.jpg,transcipts/wwdc2020-10089.txt
10602,Harness Apple GPUs with Metal,"create visually stunning, high-performance apps and games when you combine the power of apple gpus with metal, the modern foundation for gpu-accelerated graphics on apple platforms. discover the architecture and capabilities of the apple gpu and how metal harnesses its tile-based deferred rendering (tbdr) architecture to achieve measurable performance gains in apps and games. in this session, we'll discuss the efficiency of apple gpus and show how tbdr applies to an array of modern rendering techniques. 
 
you should come to the session with a basic knowledge of metal and graphics rendering. for a great introduction, check out “modern rendering with metal” to orient yourself.",,Graphics & Games,ios|ipados|macos|tvos,WWDC20,wwdc2020,24:23,https://developer.apple.com/videos/play/wwdc2020/10602/,https://devimages-cdn.apple.com/wwdc-services/images/49/3414/3414_wide_250x141_2x.jpg,transcipts/wwdc2020-10602.txt
10632,Optimize Metal Performance for Apple silicon Macs,"apple silicon macs are a transformative new platform for graphics-intensive apps — and we're going to show you how to fire up the gpu to create blazingly fast apps and games. 
 
discover how to take advantage of apple's unique tile-based deferred rendering (tbdr) gpu architecture within apple silicon macs and learn how to schedule workloads to provide maximum throughput, structure your rendering pipeline, and increase overall efficiency. and dive deep with our graphics team as we explore shader optimizations for the apple gpu shader core. 
 
we've designed this session in tandem with “bring your metal app to apple silicon macs,” and recommend you watch that first. 
 
for more, watch “harness apple gpus with metal” to learn how tbdr applies to a variety of modern rendering techniques.",,Graphics & Games,macos,WWDC20,wwdc2020,45:22,https://developer.apple.com/videos/play/wwdc2020/10632/,https://devimages-cdn.apple.com/wwdc-services/images/49/3787/3787_wide_250x141_2x.jpg,transcipts/wwdc2020-10632.txt
10009,Edit and play back HDR video with AVFoundation,"find out how you can support hdr editing and playback in your macos app, and how you can determine if a specific hardware configuration is eligible for hdr playback. we'll show you how to use avmutablevideocomposition with the built-in compositor and easily edit hdr content, explain how you can use core image's built-in image filters to create your own avmutablevideocomposition, and demonstrate how to create and use a custom compositor to enable hdr editing.","metal,performance,prores,video,videotoolbox",Developer Tools|Audio & Video,ios|ipados|macos,WWDC20,wwdc2020,24:02,https://developer.apple.com/videos/play/wwdc2020/10009/,https://devimages-cdn.apple.com/wwdc-services/images/49/3464/3464_wide_250x141_2x.jpg,transcipts/wwdc2020-10009.txt
10686,Explore the new system architecture of Apple silicon Macs,"discover how macs with apple silicon will deliver modern advantages using apple's system-on-chip (soc) architecture. leveraging a unified memory architecture for cpu and gpu tasks, mac apps will see amazing performance benefits from apple silicon tuned frameworks such as metal and accelerate.  learn about new features and changes coming to boot and security, and how these may affect your applications.","amp,apple silicon,apple silicon mac,asymmetric multiprocessing,driverkit,macos recovery,mac sharing mode,reduced security,rosetta,secure boot,soc,system recovery",Developer Tools|System Services,macos,WWDC20,wwdc2020,23:16,https://developer.apple.com/videos/play/wwdc2020/10686/,https://devimages-cdn.apple.com/wwdc-services/images/49/3880/3880_wide_250x141_2x.jpg,transcipts/wwdc2020-10686.txt
10008,Optimize the Core Image pipeline for your video app,"explore how you can harness the processing power of core image and optimize video performance within your app. we'll show you how to build your core image pipeline for applying effects to your video in your apps: discover how to reduce your app's memory footprint when using cicontext, and learn best practices for using avplayview or mtkview view classes for video playback with core image filters. additionally, find out why you should write your own custom kernels in the metal shading language, and learn performance tips for optimal usage of metal command queues in your core image pipeline.","coreimage,graphics,image processing,metal,performance,video",Developer Tools|Graphics & Games|Photos & Camera|Audio & Video,ios|ipados|macos|tvos,WWDC20,wwdc2020,8:37,https://developer.apple.com/videos/play/wwdc2020/10008/,https://devimages-cdn.apple.com/wwdc-services/images/49/3461/3461_wide_250x141_2x.jpg,transcipts/wwdc2020-10008.txt
10021,Build Metal-based Core Image kernels with Xcode,"learn how to integrate and load core image kernels written in the metal shading language into your application, and discover how you can apply these image filters to create unique effects. explore how to use xcode rules and naming conventions for core image kernels written in metal shading language. we'll explain how to best use core image apis effectively and optimally with metal and the metal shading language.","coreimage,graphics,image processing,metal,performance,video,xcode",Audio & Video|Developer Tools|Photos & Camera|Graphics & Games,ios|ipados|macos,WWDC20,wwdc2020,6:12,https://developer.apple.com/videos/play/wwdc2020/10021/,https://devimages-cdn.apple.com/wwdc-services/images/49/3462/3462_wide_250x141_2x.jpg,transcipts/wwdc2020-10021.txt
608,Metal Enhancements for A13 Bionic,"metal brings powerful api features and gpu-driven capabilities to a13 bionic including sparse textures, vertex amplification, tier 2 argument buffers, astc hdr, and more. understand the architectural improvements of the apple-designed a13 bionic and learn how the latest metal enhancements advance the state of the art for modern apps and games.",,Graphics & Games,ios|ipados,Tech Talks,tech-talks,35:48,https://developer.apple.com/videos/play/tech-talks/608/,https://devimages-cdn.apple.com/wwdc-services/images/8/3312/3312_wide_250x141_2x.jpg,transcipts/tech-talks-608.txt
614,Metal for Machine Learning,"metal performance shaders (mps) includes a highly tuned library of data parallel primitives vital to machine learning and leveraging the tremendous power of the gpu. with ios 13 and macos catalina, mps improves performance, enables more neural networks, and is now even easier to use. learn more about these advances in mps and gain a practical understanding of how to implement innovative techniques such as style transfer.",,Graphics & Games|Machine Learning & AI,ios|ipados|macos,WWDC19,wwdc2019,41:25,https://developer.apple.com/videos/play/wwdc2019/614/,https://devimages-cdn.apple.com/wwdc-services/images/48/2669/2669_wide_250x141_2x.jpg,transcipts/wwdc2019-614.txt
613,Ray Tracing with Metal,"metal performance shaders (mps) harness the massive parallelism of the gpu to dramatically accelerate calculations at the heart of modern ray tracing and ray casting techniques. understand how mps accelerates calculations for dynamic scenes, and dive into practical examples for implementing soft shadows, ambient occlusion, and global illumination. learn how to enable hybrid rendering applications, and explore new techniques to extend your app across multiple gpus.",,Graphics & Games,macos,WWDC19,wwdc2019,58:38,https://developer.apple.com/videos/play/wwdc2019/613/,https://devimages-cdn.apple.com/wwdc-services/images/48/2664/2664_wide_250x141_2x.jpg,transcipts/wwdc2019-613.txt
418,Getting the Most Out of Simulator,"join us for a deep dive into the world of simulator. find out how simulator works, discover features you might not know exist, and get a tour of the command-line interface to simulator for automation. learn about native gpu acceleration in simulator via metal, and how to optimize your metal code to take advantage of it.",,Graphics & Games|Developer Tools,ios|ipados|tvos|watchos,WWDC19,wwdc2019,43:06,https://developer.apple.com/videos/play/wwdc2019/418/,https://devimages-cdn.apple.com/wwdc-services/images/48/2861/2861_wide_250x141_2x.jpg,transcipts/wwdc2019-418.txt
611,Bringing OpenGL Apps to Metal,"metal is the modern foundation for gpu-accelerated graphics and compute on apple platforms, superseding opengl, opengl es, and opencl. get introduced to the architecture and feature set of metal and learn a step-by-step approach for transitioning opengl-based apps to the metal api.",,Graphics & Games,ios|ipados|macos|tvos,WWDC19,wwdc2019,57:13,https://developer.apple.com/videos/play/wwdc2019/611/,https://devimages-cdn.apple.com/wwdc-services/images/48/2665/2665_wide_250x141_2x.jpg,transcipts/wwdc2019-611.txt
608,Metal for Pro Apps,"metal is the platform-optimized graphics and compute framework at the heart of gpu acceleration on apple platforms. learn key aspects of the metal architecture that support the techniques for modern high-performance pro applications and workflows. learn how to leverage metal capabilities to optimize performance and maintain a steady frame rate in video editing pipelines. understand how to leverage cpu and gpu parallelism, and dive into best practices for efficient data throughput.",,Graphics & Games|Audio & Video,ios|ipados|macos,WWDC19,wwdc2019,58:56,https://developer.apple.com/videos/play/wwdc2019/608/,https://devimages-cdn.apple.com/wwdc-services/images/48/2684/2684_wide_250x141_2x.jpg,transcipts/wwdc2019-608.txt
606,Delivering Optimized Metal Apps and Games,"optimizing performance, memory, and bandwidth are important considerations for resource-intensive metal apps and games. learn key best practices to streamline your rendering and attain high frame rates. understand powerful tools that can help you pinpoint expensive or unexpected gpu work. dive into gpu capabilities that can yield performance gains and get expert guidance about using memory efficiently.",,Developer Tools|Graphics & Games,ios|ipados|tvos,WWDC19,wwdc2019,49:24,https://developer.apple.com/videos/play/wwdc2019/606/,https://devimages-cdn.apple.com/wwdc-services/images/48/2676/2676_wide_250x141_2x.jpg,transcipts/wwdc2019-606.txt
601,Modern Rendering with Metal,"metal is the gpu-accelerated graphics and compute framework that helps developers build everything from pro apps to console-style games. learn how to apply metal features to implement modern graphics techniques including deferred and tiled-forward rendering. see how gpu-driven capabilities enable metal to schedule work for itself, allowing complete scenes and compute workloads to be built and executed with little to no cpu interaction. understand how gpu families make it easier for you to build apps that scale across apple platforms, and explore how metal lets your apps and games realize entirely new levels of performance and capability.",,Graphics & Games,ios|ipados|macos|tvos,WWDC19,wwdc2019,55:28,https://developer.apple.com/videos/play/wwdc2019/601/,https://devimages-cdn.apple.com/wwdc-services/images/48/2663/2663_wide_250x141_2x.jpg,transcipts/wwdc2019-601.txt
612,Metal Game Performance Optimization,"realize the full potential of your metal-based games by tackling common issues that cause frame rate slowdowns, stutters, and stalls. discover how to clear up jitter and maintain a silky-smooth frame rate with simple changes in frame pacing. get introduced to new tools for analyzing rendering passes and pinpoint expensive or unexpected work. learn how to avoid thread stalls and get specific advice about handling thermal notifications.",,Developer Tools|Graphics & Games,ios|ipados|macos,WWDC18,wwdc2018,33:35,https://developer.apple.com/videos/play/wwdc2018/612/,https://devimages-cdn.apple.com/wwdc-services/images/42/2177/2177_wide_250x141_2x.jpg,transcipts/wwdc2018-612.txt
608,Metal Shader Debugging and Profiling,"metal provides powerful tools for analyzing shader behavior and optimizing performance. dive into troubleshooting vertex-stage problems with new geometry viewing capabilities in xcode. use the shader debugger to step through vertex, fragment, and compute shader execution line-by-line. get details about analyzing gpu workload, and check out shader profiler enhancements for a11 bionic.",,Developer Tools|Graphics & Games,ios|ipados|macos|tvos,WWDC18,wwdc2018,38:13,https://developer.apple.com/videos/play/wwdc2018/608/,https://devimages-cdn.apple.com/wwdc-services/images/42/2252/2252_wide_250x141_2x.jpg,transcipts/wwdc2018-608.txt
606,Metal 2 on A11 - Imageblock Sample Coverage Control,"imageblock sample coverage control provides access to multisample tracking data within a tile shader, enabling development of custom msaa resolve algorithms and more. understand how the a11 gpu tracks unique samples, then explore an example that optimizes rendering of dense geometry through surface aggregation.",,Graphics & Games,ios|ipados,Tech Talks,tech-talks,13:16,https://developer.apple.com/videos/play/tech-talks/606/,https://devimages-cdn.apple.com/wwdc-services/images/8/2010/2010_wide_250x141_2x.jpg,transcipts/tech-talks-606.txt
605,Metal 2 on A11 - Raster Order Groups,raster order groups allow metal 2 apps to precisely control the order of parallel fragment shader threads accessing the same pixel coordinates. learn how a11 extends raster order groups with support for multiple groups and adds new capabilities for accessing threadgroup memory. see how you can improve the performance of single pass deferred shading and order independent transparency.,,Graphics & Games,ios|ipados,Tech Talks,tech-talks,10:56,https://developer.apple.com/videos/play/tech-talks/605/,https://devimages-cdn.apple.com/wwdc-services/images/8/2009/2009_wide_250x141_2x.jpg,transcipts/tech-talks-605.txt
603,Metal 2 on A11 - Imageblocks,imageblocks enable metal 2 apps to define and manipulate custom per-pixel data structures in the high-bandwidth tile memory of the a11 gpu. learn how imageblocks can pass data between the fragment and tile stages of a render pass and unlock sophisticated rendering techniques such as approximate order-independent transparency.,,Graphics & Games,ios|ipados,Tech Talks,tech-talks,10:28,https://developer.apple.com/videos/play/tech-talks/603/,https://devimages-cdn.apple.com/wwdc-services/images/8/2007/2007_wide_250x141_2x.jpg,transcipts/tech-talks-603.txt
604,Metal 2 on A11 - Tile Shading,"tile shading is a new metal 2 pipeline stage allowing apps to combine rendering and compute operations into a single render pass while sharing imageblock data and threadgroup memory. understand how to create a tile shading pipeline, and see how it leverages the high-bandwidth tile memory of the a11 gpu.",,Graphics & Games,ios|ipados,Tech Talks,tech-talks,9:44,https://developer.apple.com/videos/play/tech-talks/604/,https://devimages-cdn.apple.com/wwdc-services/images/8/2008/2008_wide_250x141_2x.jpg,transcipts/tech-talks-604.txt
602,Metal 2 on A11 - Overview,"the seamless integration of metal 2 with the a11 bionic chip lets your apps and games realize entirely new levels of performance and capability. get introduced to powerful new api features and gpu-driven capabilities of metal 2 on a11, including imageblocks, tile shading, enhancements to raster order groups, imageblock sample coverage control, and threadgroup sharing. understand the architecture of the apple-designed a11 gpu and see how it creates opportunities for advances in rendering, compute, and machine learning techniques.",,Graphics & Games,ios|ipados,Tech Talks,tech-talks,16:10,https://developer.apple.com/videos/play/tech-talks/602/,https://devimages-cdn.apple.com/wwdc-services/images/8/2006/2006_wide_250x141_2x.jpg,transcipts/tech-talks-602.txt
609,Going Beyond 2D with SpriteKit,"spritekit makes it easy to create high-performance, power-efficient 2d games and more. see how to take spritekit objects into augmented reality through seamless integration with arkit. learn about mixing 2d and 3d content and applying realistic transformations. take direct control over spritekit rendering and walk through offline rendering into a metal texture.","2d,action,animation,arkit,audio,camera,collision,collisions,constraint,gpu,graphics,inverse kinematics,lighting,metal,opengl,physics,platformer,puzzle,render,shaders,shading,skaction,skaudionode,skcameranode,sknode,skreferencenode,spatial,sprite",Graphics & Games,ios|ipados|macos|tvos|watchos,WWDC17,wwdc2017,32:17,https://developer.apple.com/videos/play/wwdc2017/609/,https://devimages-cdn.apple.com/wwdc-services/images/7/1667/1667_wide_250x141_2x.jpg,transcipts/wwdc2017-609.txt
606,Advanced Metal Shader Optimization,"the metal shading language is an easy-to-use programming language for writing graphics and compute functions which execute on the gpu. dive deeper into understanding the design patterns, memory access models, and detailed shader coding best practices which reduce bottlenecks and hide latency. intended for experienced shader authors with a solid understanding of gpu architecture and hoping to extract every possible cycle.","3d,3d graphics,compiler,compute,gpgpu,gpu,metl,mtl,mtldevice,opengl,opengl es,renderer,shader,simd",Developer Tools|Graphics & Games,ios|ipados|tvos,WWDC16,wwdc2016,41:15,https://developer.apple.com/videos/play/wwdc2016/606/,https://devimages-cdn.apple.com/wwdc-services/images/1/68/68_wide_250x141_2x.jpg,transcipts/wwdc2016-606.txt
602,Managing 3D Assets with Model I/O,"model i/o provides a seamless infrastructure for accessing and managing 3d models. its high-performance architecture supports reading and writing popular mesh and model formats, textures, and materials. get introduced to the model i/o framework and learn key details about its integration with scenekit, metalkit, and glkit.","abc,ambient,camera,dome,light,mesh,mkasset,modelio,modelkit,obj,occlusion,opensubdiv,sky,skybox,stl,subdivide,texture",Graphics & Games,ios|ipados|macos,WWDC15,wwdc2015,42:46,https://developer.apple.com/videos/play/wwdc2015/602/,https://devimages-cdn.apple.com/wwdc-services/images/2/646/646_wide_250x141_2x.jpg,transcipts/wwdc2015-602.txt
605,Working with Metal: Advanced,"building on the fundamentals, learn how to create advanced games and graphics applications with metal. see how to construct your rendering pipeline, understand how to use compute and graphics together, and discover how to optimize your metal-based app.","3d,3d graphics,accelerate,compute,frame debugger,gpgpu,gpu,metal tools,metl,mtl,opengl,opengl es,renderer,shader,simd,xcode",Graphics & Games,ios|ipados,WWDC14,wwdc2014,53:18,https://developer.apple.com/videos/play/wwdc2014/605/,https://devimages-cdn.apple.com/wwdc-services/images/3/939/939_wide_250x141_2x.jpg,transcipts/wwdc2014-605.txt
604,Working with Metal: Fundamentals,start learning how to code with metal in this step-by-step walkthrough of basic scene rendering. see the code you need to get your first metal-based application up and running. explore how to create graphics and compute shaders and efficiently animate scenes.,"3d,3d graphics,accelerate,compute,gpgpu,gpu,metl,mtl,opengl,opengl es,renderer,shader,simd",Graphics & Games,ios|ipados,WWDC14,wwdc2014,53:43,https://developer.apple.com/videos/play/wwdc2014/604/,https://devimages-cdn.apple.com/wwdc-services/images/3/940/940_wide_250x141_2x.jpg,transcipts/wwdc2014-604.txt
603,Working with Metal: Overview,"metal provides extremely efficient access to the graphics and compute power of the a7 chip. get introduced to the essential concepts behind metal, its low-overhead architecture, streamlined api, and unified shading language. see how metal lets you take your ios game or app to the next level of performance and capability.","3d,3d graphics,accelerate,compute,gpgpu,gpu,metl,mtl,opengl,opengl es,renderer,shader,simd",Graphics & Games,ios|ipados,WWDC14,wwdc2014,46:23,https://developer.apple.com/videos/play/wwdc2014/603/,https://devimages-cdn.apple.com/wwdc-services/images/3/941/941_wide_250x141_2x.jpg,transcipts/wwdc2014-603.txt
602,Ingredients of Great Games,"kick off the game development sessions of wwdc 2014 by gaining insight into the key ingredients needed to create a great game for ios. understand the importance of harnessing the full capabilities of the platform to create a richer gameplay experience. get practical guidance about game production and distribution, and learn the design and platform conventions that will make your game even more engaging.","2d,3d,engagement,friction,game,graphics,metal,nsurlsession,opengl,scenekit,spritekit",Design|Developer Tools|Graphics & Games,ios|ipados,WWDC14,wwdc2014,56:33,https://developer.apple.com/videos/play/wwdc2014/602/,https://devimages-cdn.apple.com/wwdc-services/images/3/936/936_wide_250x141_2x.jpg,transcipts/wwdc2014-602.txt
